cFw0M195YVRlYW0gSURudlhTMi52,ci0jW3VQdjc2M0RbZEQ4NWk=,UWJJQE9RP09TNyolMF0xKg==,Zj54VHolfVdpbmRvd3NcOVZ3LEJi
ez1VTUJ7XkZvciBtYXplMDAuanBnTixZSVFmTw==,SjVbZSh4YjEwMEdUIjxMX2A=
KmN+cHczQTdvUWA6XUR1,K2Q/MXhZWzNJQSV3MiIm,dCRQdyc8IzEwRjpoWlwzMQ==,fW8haC0sJDEwLHRFInlaQQ==,JmlJb3lzPDZ7ZFp7fVVH,K3kvbH1QZzMxaXxEKmxp,aUo+czdicjEwWzw+cEJ9PQ==,cE1dZ00qUzZGN1F0JzNK,fiRSZnAoUDM+eHlDTmY9,O0drbUQkcjZSLDM9Wigo
KHAyOFVLPjE2P2cvZT46,PTJlezZpNjEyeUs+eSsvMw==,OzUmSzNSXDMpW35vc24v,WFNKLEQ8MTEwWXU/ezxSOg==,YEA1Q29hSDEybCltNERNcg==,Mj9SNjFmMjVwazpoWTRx,O2RqL0gwbjd+YUxoPjZA,dH0sJDhaQDlaR1BQLzV4,fl8/WDFHXzEyeEFyalBUNg==,cnNlNlgqTzVVeCF0UW11
Mloya1tWITFpOGJwMH4w,b1ZCK3xQTTE0RS1KVEp6Zw==,N31hQmJodzlCKGVyeUdC,PyE8L3VZZDZ4dk1WN2NV,WW45dUh5Tjc2TUp7aUk0,fk8uKUtSQjUkTC1QNEFn,YCZfV2krPjkqJWtJYFVr,SVMva0UyPjEwJyE4Jid+VQ==,Kid2ZnNMVTZ6OS5uXU5p,W2dydyFHeDVpVFdkKTZg
KGg/R0tFTDVxNzBYW0hc,YjZBcFspaTMsJzlaWH0m,R2l5InsjdzZ5MTlUO1xW,JCstaz0iUDU1Wmg8JWQ/,XS1HckNBNTUiLEQucT4l,PFopMiFRMjlSMGIya0BJ,KSFfNzdbXjYnMkk5VENN,WVdrbiVdSjNOdi1xflUs,THM/VzMwLDEyU29PbC59eg==,NH4/UC5dSjUkPVpdK151
fXBpb3B4ZTVHYHJmb08s,UVxpO1l9aTVjRlY4c2Mh,Uk9vKGI8UDkxM2xDNl97,eFchMj50KTEyKWUiY3EnYw==,dj1bXnc9KTFQbSsmXyVq,Yi5IJ313UjE0YFQiOUhMUA==,NWg+LEBxLzlmPlpBd3VH,ZHcwPVw0LDQxQ1wiVXdG,JXQmTDBSXjNTRzhsfWI6,QWVta3NQcDQmajU+L2lY
JEIieEM+XDUxfiY7KTgj,QzFoXjdpbjlrL3E4M0pr,XlNQfEZPZzZWTVQ4Vyo0,VDAzZFYucjc3cn0ifmMz,P3c+VHQsZTFiYlJRMDBe,IXQ6bFxTejEwKCMlbHlgMA==,OTpTPWZ3OjEwWXt2KnZ9Qw==,UnhNUlAqJTEyTmZvaWtQMA==,b1cycFxFYjVOekA2SWMp,U3tHXGg9IzEze21oJicsWg==
Z11lUjR5NzkqTVZ9V2lq,QTJQLSw9KjY2VzhfZlZZ,aylGU0QuNTUsNmREUzUz,OWkrSmFkPDE6SEVNXzt4,MlNwKU1YJjh5PWtAa3ly,Iik0bjYpTzEwfVJpPi85ew==,eTR+TH1PQDEwPVswKVFfRg==,cFgyRShbNjE0V0UiJTZPVQ==,OzkrZ0cmUjl8NF1hQW0i,OkUiWG8iOTZPW0FLSzxa
aThJWFlQSTcyfjhzYCRV,QFd+QzdBTzV4TUhmKyFE,amBmXTF0OjVESjl6eyt3,Um1fLytdfDl+dHMsTkdr,MSZtfXBJLTZ2dScrKGUx,bkc7RkhVajN9U35Ve0wi,STExSVYoTzYqVD5YPitU,OSJeSiNQXTMhZyhDempD,PSQ1VnpkNzZKP1ZtTzw1,Yzd7XjZgMDUsfXtJKnlU
RVJ0aU00STVsNnFUQGk2,SiE+JnA/NjUtOj5iezNR,VTVhbTIvWDldRV1URFNH,IUlyZURMXjE0RFxmM1MobQ==,PUBYXmMuNTEzcSxrPkE3UA==,NCFhN2t8NzUnOnNifCNV,XTtPXideMjlRNSF8SzlP,aEowJm5dczEyOyFScXAmSQ==,UW05emt8bTVGQ3RKdWpY,SXUhQjMmMTVuLlxSNCZE
cHhCNTd0YDl2JDpNZ2xq,eWYzZ0luOTglIy9+OCtL,VGFHY0hYdDEwJmp7Y0V+Kg==,ISRHJiJfVzEwfmdUbTxrfA==,MylFfk9RJjEwbk9pRSVTcQ==,PEp9NSNzdzEyeCdVcU1OVQ==,anpNNm5XKTExYGh7dVg9WQ==,UD8mdSchWDEwTSs0QSxdZQ==,SWxOV3d9TThSIz84XF9Q,N1slMnNZWDEyInw5bVEtVw==
bjEyLFdUXkZvciBtYXplMDEuanBnaUVHNy5Kaw==,ZioqRWRvTTEwMDslP2lAOUE=
WFYxaiR4PTdGc3VLWEBo,MjNafj1sPTExOTsmTm56Wg==,TUE6WHslWjIpMWkpfGs2,NXFuc0dCTTI5YlN0d1J3,YzxQMj5FTjZEL2MvfX1V,TnVRPyZgQTcyKUBwOklK,W21KM3BURzNwUzYxKHBe,Z1MjSE9kUzE0cnQzIUNrew==,OzFsUCdDeTd5OShQJWst,S2xbZmMuRDdtV2JyLXZ4
fUwlaDM+ezl7eGNbUmIj,T090KWZpOjEwLWYuYU4sZQ==,IkxdfmYtQTQyQn1NR0Rz,fDt+KThsfjEzR1FaWWtgKA==,N1cxcSJidjEzRllYO1kkYQ==,VEg1KG90RzlHZD4sbCta,J21xKDx4ITByTjg6QFwz,Myd7Lm9rMTEwdUZQW0FZSA==,YC8rXzVLQTBYRnhSIz1C,UltpZEkkcjRpLShEOy1c
JkAsRjgkTDNlVXdVOGx1,XVBPW2M3VzE0NTR0TGsqKw==,ZS8zeHAldzFZaWFPPWlH,X0hlP1YsZTI0MCUseXJC,enBeTV8rZTE0M30sVjdYZw==,JHswLyR6dDExaV5yPGcofA==,dFNySmFkJDBjXnQ6ZHdy,bSNmPy5OPjE0XTdbd2hVRg==,Z3VCQk8tWDEzMVwhMl8vMA==,c1dsTHhVRDEzfSYhZ2IwRA==
YlJ4L0hWSzF4QzE/J0FZ,fFxFfGFwMDIkMFFUWzd0,fSM6fGdmfTEyTDtnSFQ7Tw==,NUQyTj1OcjEzWEVfK1A0Og==,bHdPKGB+UzExOHlgVCt2LQ==,MUUiSj85KzJwU2gud2Rj,a2FyNEwlTjEyZWlUMjB2Lw==,NDJkbX5zbzc0c0srJiJJ,T31ZRHJ0TTclN0JLRl0m,djFfbURBZTdCJz8rdTZX
QCUwV18hTjV8aDQrZjs2,K1xnfCphSzFFQmQrXkBK,PEo+cHh1TTE0NHNVXyE/KQ==,VWhbKzE5Zzd+YzA/M3xj,WG94KWhpTTNDPkBYNydl,WEBzOU9EeDhxbFxoI3As,XSJ4T3pqcjEwXVF1QUFvKA==,MzNRZGRCdThpU0ROaVNQ,UGxsRk89MTheJUw9Y1hu,YC1nbW5WdjQofksjTjY8
QHlpLi4mVzVFQ2ouXUpe,eFFFeypNXzEzQ3o1LXthcw==,azphfEQlLzcoWykwalxA,b0BtSXB1PTFaNUJvVido,JCZDQmJ4cDEyVF49KHc3YA==,eVpxe35YdjNZOFRsTnlR,bTotTFZyLjEwZVt9QTlfdg==,QjhCMldSJTE0IWx0M3p9Jg==,OSZEMih8NjExLThDKFRHTQ==,TTVkazZsRDEyQmgnSkY2Vw==
NWhkRi1ZdzVfJWFfSFdK,d0YsJWNDZzcqVmZGKmgs,Qlk3bDdVRTFPP2BJTmw7,QywqRyRCLjh5Mzg0I1w6,Ul5CRFFnYDJcJ1AmIy1F,LSJEZnQ0ITgjfmFFJWpw,OkZ3NmUkIjJzREI1bFpN,P11rKnlnVTE0Z35QZ3YpRA==,IidgRndPUDdLSXpLenlD,YWNpMXFEVjdLdDtMIVY1
Wi8sOVZfLzklOHNTLz5n,JidNekZ0MzgoOj42e0NS,ciVHaCZwMzQoMW4pJCZa,dW0/QWt1Zjd2YlUtMll1,QzZJalUoWzEzLDRLLDQ7Yw==,TFZXIidvQTdYJyRBLVdd,e1Y3Q3QqMTEzSCtRVU9LOw==,VSU5RGR8eTc6NFxTKzo4,MzRwKSM1KzE7aXBmbTp1,N1B9bWskSDEyRz5SeWBkIg==
cT1mSlJPZzExLz8+bD0iSg==,SF9xPFI7NDYtSj8+SllL,QXUmOVQxNDFnLyw7eSd8,VHd8Qi1XMDhEPCN6eScu,SSZyYjVdYTEwVVIiMT1ieA==,Rzl6NipeNjBqUiFkLEZW,NSVeeztpJDJ0RyojX3hM,MTlgXV8vWTAifEhNIk5R,IXpuXnM9PDgle2xsK1Qn,UD4mWSltWjE0blM+VXBhIg==
XHpIUGQ+JzExJmQvbkY4SA==,TjQ2L3dKYjgmeV9UO1h0,Qk91OiNeLDhXSCZRYzdd,a1dJNVFWWTEwYV9iYSZmMw==,MEtMSWQlYzE0X3k+I3NxPQ==,QlpySDthLzEzRkY9VUVVKQ==,XGEsVH49QjEzXHxPL05uIQ==,ang4MzxVIjkjNSxxbyl2,LWBDclZhajEwKmcjUG9gYw==,fStLcXIraTE0Mzx3JUxbRw==
KFBMaXc1MEZvciBtYXplMDIuanBnTnpBXCRVWw==,NlVxQEdnYzEwMC5bT1slYl8=
Ji54bEwsPjdjV3wifEdA,cDlcdy9PcjdKR2JPTHx+,NzxuUGxibDExU2NfWl0uaQ==,IVxDR0I8aTYyOTRran1W,XGZfPGtxVTNXcFk/UWVR,NDxkNWszMzEwYlJbS11TLw==,QWZCNFV4YzZvdUskc10z,fmplOTBgVTddNS1ld3Fw,ST5jX1p2RzNJPkNRNFFj,LWxhaXB6XTE0b0F3JHYkWQ==
LylZcm45cTUte2M8dyso,bnZTTSk1YzV3QUE7R1VQ,SFFjSlxdfTExaV9tZnxSLA==,Zl0jNWdMQjg8V0BePHMw,M1RYalIvaTBOKy1bUl58,NGpfPipsIjE0Lz9EJzZecw==,eGUrTWo4WDljSyZKJ3Zu,eUpafUEtfTgmVU5OI2Yr,YzlZTiZWRzBPbCZHKmJR,Lk0+PVkzZjE0Tl9SX15Waw==
Z3YtLk5KeDE9Zz1AUTpy,JThueGBXczBnOmleJy9L,NG5deFYpSDEwIVxZYltDaA==,YjlNOlomYDE0ZTt4RUp+XA==,OU1saV4zXTEzS0EvL2l8KQ==,ZGt1VzBZdDExenQubzE4Lg==,VlBIRmVQbDZ6PnBBe0J5,Qmk4czNBcTM+d2d1TkJj,XCIxRy58VThJayFuc2JX,ez9yRWJVMjE0OlIzLzpbOw==
NXk/fitWMjEzYHZDKy1GJQ==,KS5gKHwmSTVBLV0mJi4r,WX01XHZQczExby8jZEY9ZA==,QHE4RlZObzJ7IlNYbykk,SVt+XVd7bjE0NHRMNEM7cA==,aE5+TD4wWDMpQnhscipX,d1Apd1hdfThqL2Z1NEIt,UkcvdH5EPDBYOTBgfjBS,eWwyLG0sUDEwQ1xDTSM+bQ==,dUJ1WmR6JjY0Ozlxc15j
NjstV1tcITM5QUZJPzVj,RmgwenJSYzAhTlxfRGdz,dGUvREt2eTJkcz1MPHkq,RytRbi9SQjhPci5eTTtF,JlNXaHtjRTIvX10nLjkm,ZCFPdlNOQDEyfjpDNGY2dg==,aTZwWXx8czExVSUydTleRg==,NSU5KipObjA8KFZiLm5K,YSkkVVlBWzE0L2FxSDN8TQ==,QCl3bDM1bjEzRnpdQXZYZA==
JC41eX1oTTVLXHVKS0Q5,OiFtYi5CMjV1YyF3ZCZ9,MjUyWmJuVzVUakhMbFpo,JWBLYFpzVjExaVNTcVd3Qg==,eFgxXmpbKjgxdHtfaE9d,YCEyJUsvNjE0KkhafGtLUg==,MS49c0tvPjExW2FtYVpaWA==,J3tnXkkicjRHVHo4Xikx,czh2ZDIzfTMzWmZeRUYs,bE1YbEdXZTE0eVxjeSkxJg==
UD5DUlE7STU2eEpmTUd+,Qk4iN1B0UzUqSXc4b0hS,MClXdWlmXTVUem1cNWkz,a184ejo/UzExcFxcPzIucg==,X3FFMUZWRzEwJXhtfXhPZQ==,QzViVjsqKjJiQiJefTdc,OEN4QjE9bjJ+fH0yTD95,eXwoRHZrdDhoT3dlcHhe,aEFFRjQxTThRJXU9MjRn,QFZUSnVJZzZkP35ENDIu
PzQ6Ui52cDU0SSIhNH0z,ZUpmQSsvPTEzWzdaeW9VJw==,RXpaOltfLjFQam1TVE1f,WFZlWTUiTTZ4JC8jIWJQ,JFg9UjdxeTExQHdeelpbLQ==,KjBKTkRLLzEySkJQODp3dw==,W25oPXAmKDFyZC43Q1x+,OTA4ODQoSjZCPkdaeTFY,cio6bXFWXTNLM0lxfFs5,UzBSWkNdPzEyWTA8PGk7MA==
UDw5JERLXjFhUF96bH1q,IUBFWyJWSDZ3cHkkIVU9,QTd9Rz0pVTEzcjBOYT1cIg==,XHZYNz8+MDU0MT5xaVs8,d0NiSkxGODMvJl41eDZq,P2JeZyhgITEwO1RVJC1LIg==,SXljdChoOTQ2YTFoensu,OlJKY2g6JzVheVFMNzNf,dCVeMDZfLzE5W0tHKEJC,eUNOWGNkRzY8JSt9fiEp
KWUmPWteaTEzVVldfnV2TA==,YitTPXZJWTkzXlAmRTVZ,Q1JKTEQtfTE0KGlGNHdsaQ==,byZeOT1CJzEzVmNiWlZqeQ==,Qk9zWXI3MDEzVD5nLyVfJQ==,TSpURnQwJDExVC0+X1I9ew==,S3wwZ108YjEyQUYkNmk0NA==,LD5HLHByKjEzXCUkUERJPA==,biVPSVd4aDEzdCJXMj4qUA==,RU44Q30tfDEzJ2FyM2wxXA==
Xn1dPFk6cUZvciBtYXplMDMuanBnPyYmaSc4Nw==,KC0vPXtxUzk4Ll1fZDVsVw==
c3p9ZzcmVjdUP0NJfm02,WHwxLmFYcTExMlMraVp9Yg==,ZH5bTXdiUjJ9XDxTKHw5,SiRVLXZrejE0QldRUjo7WQ==,U2VRKVdfOzMyJUtpakBz,R0pdUmVXJzE0NjtZTnpYag==,dztDZnlHQzNgZl8zV2xd,M1FoeTpiUDJIX2R6OEoh,T0QqLUsnRDI+ZkRmR0p4,SWdaM1ZLZzZyVz0saW4y
fSJfWFw2VjVFRXEwdyRg,aW5PN3B1LjExbiIqe1pdVA==,RCUwdUBQOzBaTiU4J2NA,eD5hJVJzJjJ0TG5UaFdp,UGdDXnxqdDhXWHtvPGlF,QW1QJ0VuZjJaKy0zVn48,fnE8cVFdZzRzTz1nOyFN,Q0Z7V2IpLTEzQ2NLdHQoZw==,SFNQdnl2SzEzU25qMDdzLA==,NmdsdW0lfTV4IklyLVkl
MUhsQ0JoLDElMjZEckJY,Xz0yNiMsSTEwZzl6T2Aoaw==,SFFnNHdiQTEyd3N9OidbPQ==,WiQyfmd6KDEzKiQjO058dw==,YXs1TH1iOjExeHcnQmE3Jw==,XSdTRCI+LzEyaiZ1WmF3JA==,USJ4bl5jLTkkTzldSSt8,WX5xZy5CdDJKQXhlWElt,QGplWjtVcDE0Pz0jUnAnVg==,ezZIPHw0XzVQe0tlI1Jk
Rll5LCZ3YzEzZT18cjAkZA==,SnwnKSdtKjExTDp8ezhpMg==,XDhybGR0dDY2dHJya2xV,KH1XMlZ0SjNGK2xgcExB,ZF4nMV04cTJQJVFISCpo,KnxzWT5BNDEwZ1pQZC0pJg==,ZT4pXiV7VDEwQTBnLiZpMw==,JSRpNllBNTAoc116PVh2,aC0/SCZbIjE0V3RVRmNTPg==,M2Fwb1xldTVcPzVHX1F+
d3tcSHBRXjN1VjtpT3VU,cTAzIUFLXjEwWCsnXCo1aw==,VlRxPEUtWDhMLE5jYy8x,S1p+WEEkQDRpOicmJnop,bV5UVDFZITEzLFhDNV1gdg==,Ikg1PTp+ZzMwREgzMXkn,LVsyPzR0QjEwdyVFdz9CaQ==,OD4iM29SezBwTT03eyJS,djI5Lk11MTE0OGBNM2hNTg==,e2lkdGctJDVlUWk/aVIs
fjxbQXtbcTEzJn08RiR8Ig==,cmh1e0Q+bjExU3UlQ2xWSA==,SS5UYX5hLDEwbntDNFYrfQ==,RT1rPG4hdzR9OEx4Llpb,Llt9cXR8NDNueTxQKHpo,OCUuPV9JfTEyXDJkOD5kZg==,VWd9ZVI3OzExWCpsQVNzSA==,RSkpVCZjWzBbWm5kdmVI,Q11WRH0vQjE0MCFZU1JdKQ==,NnU7MzRGLTUvOW1LZDtk
NnRnKl9IKzExRiE7I2xNNA==,YE9vdE5AVTEwY1F5VDhBLw==,cTw+fGFZLjJcU2ZFT3pc,cXhJUzBXKjRWMyp8UnBb,a3EmJ294YjVkSFV9Vn13,Y0NaXzlXOjcpd3FOIX1l,RmNDKz9RRjdjdC1MS1p9,ODlMKlc7MTEjXG0rSGpi,aDl+bV1XODYiXDkjXn5I,fVdxcFZ8JzEzKGokIS8yZw==
MEtdLnQxIjNQXywrT2ct,Kk9zVkAiPzJfXF9OOTd5,e0xXPmlYRjRAWEQyeD4o,VCRFUS1SNTEzInhXJSdxeg==,VEIwd3tqODEzP3VMVTgiXQ==,QW9BY0lcbDEuNz97LWVq,S0tuWmRUdzBMYTxdWici,Q1o2JGxxZjRJNVUnd1lL,e0k2NSQnTTk/LEIiNW4q,Li9JLU81azYjUGNbQmVL
X2xkJ1xVKjEyWmlEYklyWQ==,ciU3cWRTXzVwYCc/djgp,eipXeTlOVzEzVS9LK01sLQ==,JEpMUkliQTExVnd9U0YpOQ==,ezpNckRrQjEwQz0rL3FWXQ==,SjBBZCc4VDEyKzNSP0coWA==,djZkIVtBcjVgcT8rU3M9,JEtPM0s4LTU7UyFhc1JI,XSY+e0g3KjExdU4vW2MuZA==,QlJkOENqfjR8JjAuUWBp
RUFAeGxRLzExTUk8IWp8Yw==,Ij01eU9pezEyTUEndk5sYA==,MDJFNmdMUzExXXdOamNmVA==,en1YcmxpXTEwY1hzbm93Nw==,JExscT94JzEwMU1QSmVuNg==,Xl4rUXNzajEwbldVNTBbRQ==,XmRrUWYuODEyeGVscl56Ig==,KUpfdVwkSjEzOT1Sc2FHVA==,VC9JNU9eYDExeE1eOlddbQ==,TntEbWA3ejEyY2t6dlFGMQ==
SztVST0kfUZvciBtYXplMDQuanBnaHYsW1BmdA==,SXNgOW5eRDk4dC0nWmw8Iw==
OlIjW0stYDdbJnFsRXty,fDk3ckJNMzExMnByeTNTLw==,dEV0JXw2bzJ5SFFHTUQi,ZWNUUXdIQzEwLz9qQXQwWw==,UHhPTCpcdjEwWmJ+UCNiUQ==,eEcvXWlOOzEwPkYxd1luRQ==,KSRVSEUzeTZ5d3NNLCNR,ZzJ9d21SKDN2IVpZZUtM,eVlSWVt4XTE0I0p5Qj9SKQ==,VC5BK21NaDdjOmtOaWRr
fC1CUyhWfTU+Nj9SR0Rj,dnRDaFZ5XzdgOWdgeCV7,V21Yb3BMazEzRCoqP0lzbw==,OT9XP0NXKTdWY2xnQT1r,NkEuPyRqKDdHW182eS58,TDhbeCV2KDExZjwsXlAzXA==,LjcsZClPQzA/Pjs2dW8r,Y1MrR1dndTRrQS0sbipA,S3tMYWAjbDMmQy9NPW5W,N2lQI3pMZTEyal9QIl9Aag==
b2U0fkhoYzF9bDJQZD4k,a0luUWVrPzEyIlRSWnh8Zg==,PlN2eVtEbTd1JWFyLCZo,VC9hIV59Mzk6bF5HOmMp,bUxwNj4nSDQrdDFWPHZP,P19TOV9FWjdrMiEnVkM+,I0o8dnFtWDEzLV9fWFsoaQ==,WiU9RGhFazV2WnBna3Zb,cT9kMUklMzFqM3BrKyp1,RG40b2cwdzE0SSZbVFREeA==
bWopIUJHcTEwOElYcFcj,emlGI1dzRTEyLngyQFwyRQ==,PCxqSUJCaTFYOzk0WyZB,RDl9WnBdIjZsOTZLOjdM,QyMlWldtNTFwQjtiTztj,OSFGVHZPJDRGMyQpIkdw,Xld+QzI2KDdEMmIjPHpS,P2pPezxqODU3Kid3bTNw,cCEhS316JzUyPDo/Y2lw,TFpsR08rUjcxcjYuT3Vk
NFtIMEhCaDFTMlY4ekQx,dnBRYEZKKTE0cUtcTHthLg==,O0pyeU0kdjEzV0lKdVBHcQ==,L2loaXBfOzUtMlNlJSVk,dTtXPjZFWTEzUVlHOy57YQ==,JWFFOXQ3RDlsX21hb0Ju,OG0xQUZFXTBuLDprNU94,LmhrLV9CWjglQTRAc0Am,Nz1Rdm8zNjh6OnczcnN+,JkNwIn5NcDEyfTNyViJFTQ==
XmkhI3B8bTl9PDB2RS5j,NkZCbU9jeTEwNXl1bDcrJw==,WVcydzdfXDYjejN1dkl4,OVBmfFo+czk5WCwnU01w,SUhAdz8/eDEwPVIyPC96fQ==,ay8/dHtfTTJBejJKWyQo,UiZqLTMpbThqN3hRMDk1,Uy12dWUpOTJvQ28/dihB,Q0YhL3wnVTEwUD5wakdUKA==,ImxLb243OTE0cEMjYEpnbw==
Q0xuTCVRQTcvNnBHYiZn,PWB5TnAtYTNjQ0RgbTRO,cUBuMk59SjRuPWtSPjUu,LSpiOkJFTzcuNkwtYHx8,bFpoMDFIRDExWFllYiF0bw==,LldQKU0lKTEyXCgtPyJWQg==,dVB9ZUJ0Ljc1JSRTQEpi,YVksUVdHLTFkRCt+d1t3,QmFYKnNnYTEwSnNNMEEmXQ==,LFxmZ0k3dTE0eSpzOTlWRQ==
amJzbncyUTk5TzFDRDpW,VCMxNmNbQDRAL0k3az15,e0ozRXQ7PDEzTCJwLytGeg==,N3dnLiszdTkpJ3Nxa3dI,UGRQd05FezEwNnZXVEpMMg==,ZnRYYi5pSDI6R0tFQUN4,bnJRWjhzMzhGX35xVnA/,InRdM3ppcjBRTCo6MCpT,IX4pOGtTaTJPKl4rY05H,Jzt1NSJMJDE0Q1srSGVVcQ==
X1EwemA2NTNwZi1XcVtx,YUs8LykxRDBQJilXYjxN,KSUkcCpLUDEwIXdQO0t4Nw==,IXM9XnolaTYySkhUUHpC,biNBOGBcazExViZ6dn0zYA==,NDpeSDtPJTRieVlSd09P,WTVIU1BBbjExZGlxc2p1Zw==,XiF2KD13JDEyay4jVH5hdA==,ejsoVSZsbjExSXdEKHhe,R1dKVi1MKzE0U1l2TSJ6Nw==
cHAwcyp+NTEzX1EnYilkIQ==,dm94JkIxWzEzVElxMyNBcQ==,MEpbfkMvVzExX0F3dDB7cw==,ayZZNzlqejhdfkJJW0FN,dVxANT1OYzEwbk12QUlXXQ==,IlpfZCJrJzgkUid6TSpW,PX5lLylQNDEwMj48LXVFSA==,IjdNYyY2RTE0SENAbz1LeQ==,NyJIUmktZTl4Tk4mNFBO,UXwsPjIyTjE0bUZ2XmtIcg==
Il0kZFZ6cUZvciBtYXplMDUuanBnaDBbaDRpZA==,bU5KWEBTZTk4V0ZbMm9qdA==
KilhKlRydjd1Pnspdkgr,PGEhMVItRDNYI3cmQCY2,OUJXRHpORTEwYHt1RDdeRQ==,MkZqQm01UjE0KWF4c2Elcw==,K2Emc3k+JjMyOzxffmdK,I15dOz1TeTJ5dXVDTkJn,cWg6dy5PVzEwaW8jLnlebA==,VE9AP1wxLzE0ISthSnNYMg==,VlddZlRyJzExWFF+QEJfYA==,OmFHO09SQDZ+VFwoK1po
SC95OmhHLzVgZGhpYHF7,Nk0xWEY7bTFOK0FRd1NK,TFsscEByRTE0cnl8fn5OYA==,bHhwQSJmZDExJ1chOzdWaw==,dlFCNSt8YjQqbTdLQFYi,MysqZCNwNzlWQzg9SFVk,YiFJJGVDYzYrWkA3W11n,XWxEb1dNbjExemIrJHIhNQ==,aDlNSi5lQTEwJyIvRmpJZw==,MmVrYi9mJjRFb0NSQ2RS
QmREO3JjUDFXd3lQZVg/,LXpEOWZvVTBEUktsQWkn,aVZoVGU8UjJSI25dVDws,eW1PMTZMRjE0fmxFZmAwVg==,VUdLVzF+RzEzZlh9OFA2SA==,YG4oZllsJzExJW0mbk97Xw==,YGlPVn05KzAvWygyb1Es,c3AoJisiTzE0TGVQUFJaIw==,VWlvNkNsSTNyeDw5Pj4o,QGtfa2JtIjEyRCFNYDVPXQ==
R0Y9Yy43PDU5bF8vOSMx,bjtnZ2l9ODEzYGtcVWlEfA==,dl88L0ItUzlvamoraHhE,fTFreS91SDJbVH08RWhW,T2FbKz5cVjEwRH4xdGhgSQ==,InlIZExRQDEwVCJ0MGRSWQ==,UkJGLWxqQDR7RDY6b0Rr,TjsuVkRmUTd1dFc7XHEi,ZFc7b1A8cTV8NTpNJU0+,Ty0nJVBCejdNZWkzRmFt
SVxjXidSZDlgcWcsP1kn,ISR5TihtcjE0PTVndjdQMA==,bWkuMSRRdzExblVJXnYxRA==,NjVqSC1bQDEyQT5VUz4nUQ==,R3hHTFRpRDM2IT9EfSFX,YictWHomQTEwXTZkeilnWw==,SV4/RmIwYzgyUFIyKjos,P0wsbDNZQDB4LT1Pe0h8,NGo5ZT8mLDgiRVM6MUQn,J2ZyZH4iNTEyQkIjLCdrQQ==
WylbX01mLTExVzxOSycsLQ==,eXdDfkgmajZgWyVxOWU2,ZD87Pih6RzExZEgkJz58Qg==,bHVNbkpHYzEwWXVifnF5eQ==,JVlRfk1VVDEyPUpYPVp6Wg==,M1p0Ym16OjcyaHw5LF8u,TzlgQCRXMzExJ2dxNTRoMg==,Vyo+MjlKXTRVIzpOX0tg,QC87RGV8WjNqZXJhUndL,IlRTXys2TDE0cmRRR3JeUg==
Wk1SVTsrdjEwLWJ+WiYqVQ==,SmxGJ0RZXTAlLmRHMF1Y,PXQrRGRmYDEwXWxYaH5gVw==,a2RdaCgzcDEweDJWcHJkVA==,ZStnXHgpVTZrdGh6dDA5,N1dqM0pBczFIV0YjRGxC,NGBkMUM0eTJdJGZYcS86,QkdcWlA6ajBxN14kZy4i,bX17UkJ9VDBbX2tQenBf,dEM7REJTUTE0a2FAKDpsUA==
b1QkMnZHSDExKChjcTlcJQ==,SFtUTVhkIjEySy8/WH47TQ==,XVJpQylYYjExV1szbmY8Jg==,O0t2eVpENDI0fV5XQVt9,THlFfXdeRjBUZTFcQ3x3,SnssN0Q1MTRoLSlMJzlx,Tl09RGM0OzVgX3s9M2Mn,cCZAXyU5ZTEzekYtUSInUQ==,RDVPfmRUKDlGPFZsXmh9,TkwmdyNLNzZ7Y3AiM2NO
IkI2P1soZTExX2QkKy1JJw==,RF1OImZ0PTEwVU1KcSwrXw==,c1MuNGw5ZjJFIjx8KE8u,e0luPjs5RjRXQkpuTUYn,aTM0SWMqNzEzczR4K29QLg==,eXQ/bjYpLTVbTD9eX0Zz,OzBEaGssMjEmVE1bS0It,Z1hjX0ByeTI5X2w1LjU1,cjhtTlZuUTYhL1NMYDct,NzxwY3NkIjUoTD5neEQ7
Ki9FO3AvNjExWzZNPWlzSA==,QjpGPjtzQzEwa2QifjRbNA==,LycqYU1cKjEyOjAtTC8iew==,NixgZyJMXTEzbjU0PGgrTA==,RXdbeEhcXDExcStqZ3Z8OQ==,cHFVTmUoJTEydjAnJHNIaQ==,SDNLQXJ6SzEzTGotTDlqJQ==,aCd8IV8jXTEzaXFRdE9mSw==,VTl0d343cjEzQlo1fUIuKg==,MkRMXmhcdTEzcDlJJj1xbQ==
MU5xK1QuIUZvciBtYXplMDYuanBnfGBjT1R4UA==,SnJlWCtqQDEwMDNeajt3d3o=
Wk8nakp3KjclZixQakNd,KDslPnxERTMpNGJWUFZl,LGZuZlFIfDZ8akhAI3p3,SHkvJG5bOTNnb1RwejdO,LSkrbVxdXDZxejpdRWhf,ezJAbiYkWzN1ZC0zcXVt,XCo7YXMnNjEwZnQjYUonOg==,aWphKkFmdjIiM0VQQUVi,WzxNOXUxbDEwIU9wNnJSTg==,YVQsPV9DdzZtKWlEL3hJ
SHU1OjwwSjF3YSR8dkQ0,XHhTNSd3TTEyZFFZektcNA==,MCpZLXhybzlXUz15Uis8,eVorelNtLTEyPU47fnFGaA==,QzlYLywtIjloMUZxY1JV,WSx2IW8+PTEybUBoIkk6cA==,SlJYYCNLNzM8MnVXZTBD,V1VePzZ+eTEyM1p2R3E+YQ==,PUx5dGk0ajdcLEl3Zkdh,PjxBcThqSzVxS0k4KEo6
c2UiLVwkUTl4P2RYeFg1,V345MjBiNjEwRlpLW19Zaw==,P1V8Jk9vTTEwQjR0TWovIg==,P0leI2NkYDYvfVYiNHw/,QG43fkV4XTcsZzxWTWJQ,RiF2e14pKzMrOSlLNU9G,V1IxOzMhQTEyTD9qeSRsIg==,VypqOkJMJTExWFY1QDx8fQ==,SnAwempTLDRnJDhzdz9Z,VSF2Xmg/VTU3PTg+PF52
N0dNVFZFXTMsb1tIYDhD,dW9XJzlvdDY9bUtVLUo2,YXVNW2hKOTM7Pz0lVCMp,aiI6XUtyPTEyNGdXZSUvKQ==,T0E2VHd2UjViZmV4WkYm,X1tWfjdkIzlBN2NTZzV7,QUJdPX5nZjEwKUExYnNmWA==,d0UnJXltWjZOcn5fQHE0,PDg3UlpOUjVdbFYzKVY0,OUE7KyY8VTUoNiF1RXRP
W3wmdyZgfjVvaU1tU3Jj,PFNpK2AqRzlUTkgwOjFy,LkwrUGNVQjgoVSx0Lmt7,ai1IR2ExXDE0dWZmJWN3LA==,Sk5ENHxkJDFJMC5VOmI2,bixRaD4xSjJoSVxGT08p,REFbdy4mYDE0WyVufHNUYA==,bkR9fkpTXjU3Rmp6QDZo,aiQ6d05bRDFaVFIyMTdj,OWEpfUpwJTEyUzpDNlI6Sg==
PElBYGpqRTV7Ojo4cn0q,THNMRFhUWTExMUF5KWZRVw==,KDkrbEBeRTIwUEBbL0Io,TGl6MEN8UzI7e3JpPnxl,eHZJXkZvfTEyWFFlajI4ag==,WyY1Sz9XbTVFd1wteDAq,NntfX297PTNofStyKGZ4,TyF7Xm1MNzEyZnVISHpRdQ==,NiclMjJTWjUxKUt+MUkv,R3Q9R1t6fjdZcyY4Ti01
MGZqJERYbjklfiVRR2RX,dzV+JV5SeTZpQUM5IkJq,WCdxVTl4PjVWIW5nPVlA,LzZbW3g6YDUjdzxiWmxQ,VS5INENXZzExfj5EWDZdIw==,OSd7LS9ndzQkMVQxOF5T,ImpDeTxDQTlASFdwPS9S,eE4vKlRwIjZ1dSNjWGhu,NntaTmRkYTk1TFkyX0dK,RXskaEtDbzRzZERROmBH
QCIzaUFkJDM3OH1Ia3Z4,OEZndTp3SjEyL3V1MjdmNA==,XDMjSV4teDEzbmMiTi4/JA==,eUtUcUJ2XzlFeT4rVDtK,IiFePzxlWjZKKjZ+QChm,VWlbWGBuYTl5U2hvNm9G,JnVWMHlIazZiWiM7X3xz,cCszdHI8VjVKfU97UVhl,YT1ufl5QWzdVNGJEXl1s,LmtZfXxBeDUyfVwmLHJM
bUhjMGNrZDVCTm8pbjJc,XUpNalYzUTMhPiYsX3JP,WWhKKitsezEwTjpwenRYXA==,c00rZVBPcTZfQjBdWEkx,MDhmOD5ueTV5cnwodF5U,Qno9QmJVQjExZlFMXCNNKw==,c2hSKmQibTEyOi5zWDRcOg==,InEwSEV5RzVPUjN1UWJY,MjJSO3ZzYzUzeFIpVmh2,LU9iTUF8MzVyQ2RuLDFQ
fFd1NXN6PTkrUDNOQVom,M0dwTWs8UjEyan4obEtBQg==,NEVfLDVRKzExZzxwKTVAdQ==,Mkx7SjBGYTg1bVxML1oj,QDcmY3lsXTEyPGtYTHVgdA==,OkR9J31jcjExR1twflhgPg==,cSprTDtgPjEwTlE8e0pdZw==,TytsTVQkYDEyL1FIVz43aQ==,TTkrdnRoaDlkQE5CSURz,LygqIV5sLTEyWkRpSGk2KA==
Unw5KWNvI0ZvciBtYXplMDcuanBnZlonWSR3bQ==,UHJcMU4wIzEwMHNIbjVVbHI=
NSlGSkNUPDNxV0ZRJ0Yr,dmZwal9RMjE0ZUFMJjkjfg==,ZWZRMnNBMTNwLE5gfGlD,NyhgSnRgPDEwPl9UO1l+dw==,VXl6T19odjEwZnBSezw+PQ==,N1ZOIkA7ZTEwMiYsLngwOQ==,enVZJil4XjEwNmdkM2daPg==,J2g/Y3ItRTJtInFEXVlj,dWMrVjV+bjEwa3RZXzZ3VA==,UT5IVD5efjYrKGldUG4p
NXAoJkRbczUzMT9cOjlo,WkMoYytfdzN+ZyJdZTxx,LFdvYz4yRTEyVTh8cmFLZw==,P3NOO05UKDExIzNSIWtzWg==,K35xTVA9RzYzSkc2Yywq,JmIiWDJtKjM6a25CMkte,RTwmM3heRDYiaW9CMHl+,NVNmfDo8OjEzdnhtZl0hRg==,JVBdP3BqazNObldXJ1hp,bHQqXS1ENzRjLDdyUjh0
aHNpRUR1RTVVVk1ddjJX,bSxSXXZiQzlFVjhzfHp6,NkQ3W1JqMjJGT1NVW1pr,XWw0bzxnWjEwYEYoXWtRKg==,U3hrcGd7WzEyL05RQmhcLQ==,XDgmLj1SKzUtcE9dNElG,Nyt1O3VpJjl2W245LW46,dTc/PGBYZzZAKmNVTlZA,L2xebHA3KzVwPkRsKT4y,KkxVazBxVzEzLGhWL3omIQ==
cEw/MH1vajEuOidzRnkm,Jlx3ViRzdzE0LCZ3Oz1veQ==,I25qRCNmWjVWdkYoW1ts,S0hZb1B4SzN6fkksdDJM,bCZKI0dARDY0Rl9iPmlx,eXFfJGxKPTlwXSg0WzdU,YVIwW0UoPDYkblpxV30l,USEuXF9sXzVrZzRRbl42,M3Y+SGAuUjlOV2hHWEYt,ZEpVO0YzeDYnKDNQcFht
K0lXSE5NQjl9SUZufFhn,aS0sdWFqWzEwXVdKJTU+fg==,c35GVFA2MDEyUWJmUTFdTw==,OTJPaVhETzUick9Vd3E6,QnBkVTRxazlOLmd6KyJL,enpBLzQiNDEwcSp8RTNkXA==,Z34ralkzLjEyNnt4IV5Zdg==,Ny53ZUprLTUqJCw2KSdZ,LTRoaFUraTN8a1xDaUR4,TXFfRXUsfDEySkApeVJ0RA==
eV5hKjkvPzMhdTYsdmRe,Ky9JLSIodDEwKy44Z2RnMw==,PktgYlhIUDY+NVNTTllc,SkxLJWEiTDUzL3ZVUXFr,bys6aXYpKzd9ayVEPWpo,OEowKEwkVzNRV0Fua0dC,YT55Ik9HTTEwM3guLkgzcg==,VFZhNDZCOzEyaD93IipxTw==,cSxPJiVDXDlJVF0kPj5v,e0g/ZlpjUDZgLy5zelRb
fjYhaH1XIzV4V3RVSiNj,e3MwbnVEVzExODQ3dGIjKA==,ejIsdEF6Uzh4PngmeFom,QFQ2YW5gZzEyMkI5MjdiZA==,OV59M2VqRjV2Jkd9a345,Ozt3RHVeWjVrLy4yZzEi,cGNeXD9XUTNdR2sycm13,bDhMfD92XjZGa3l9aW99,NDNcW0M1VTMjX1tOdVhx,TnhXKFIhdDEyayIjSGdxXA==
ZCFOWWszcjVGbHRSWzJQ,V3J9YDtoMTdlLypLPyV8,QEVfLjFZXDNFJ3J9e3he,Izl8M094MjEwQ201V2BrJg==,OygmUy08STRbISFyRUEs,fn4rOSxBfjU3TWJcZ3In,fWxUUjc5aTU6LEx1dm5b,TzxUT0h0ezVALGlfaEl1,alBVRWRnLTltRztLLld+,IzRaZ0A0fDZSQCVkLGMt
fnR2VGE+LTVjTG1jQSJX,RmJlMCdbcDVzNCRBeE1d,KmhtVUtVMTlAfGtVSlJB,a09BXypjIzZLWTFlcEo6,PEhtT2ZrezVwU34uYExq,TVwyJk46QzlUcydqI3Ij,MEMpbzdnJTEyRi1PPDJ9Ow==,N050XElBTDlkc2VhZ3BX,WTpVNUp3dzZeXFMmLWVQ,Mldqdy1jVDVCeVVvYFEr
bCMqLzxbOzlCYDtvXW0z,VjosW019YjEyUldTLT9eVQ==,WG4+W3RMfjExN1AyI2VNbQ==,XzMvTU9RaDEyOVdhVnZcUg==,QCFrWkheTDlIe15SbmRr,QS9PLG5kMTEwdmI6LFJ6Iw==,YkUsQTNTPTEwYVZPQm5SIw==,XHNeaXFuODEwcyMnM3VJKA==,IXt2SjNyQzhjbUA2VDdW,QSNJPntRWjEyLixOMSlJfg==
Jjk3UTA3bUZvciBtYXplMDguanBnLnpUVU1bQA==,dTQiJldCdjEwMCkybDVAJWY=
QHxwKUl9SjNCVUZONDcu,KyEjPCZSWDJwWGB+ciNb,QjF8RGM9TjEwI3R5dnVeUg==,bT43TEpLaDEweCdOYl9TSA==,UGpYc15ESTEwRFYwTiohKg==,PHdJKiFkTzEwLHttL0gzOw==,WW5qcSItOjY6U1MvQ3xk,YXolNSI1JDExLDdvQ283dQ==,fSxIcSVoTzJkdEUnSylm,NWxAOTBgVDY7dmR8SjNg
MC1kaWM7UDUpV3cjPSZg,cThmJjtlTjUlLkk7VDw8,NSNhOlFFXTN+N3NpXisz,QC5BdTIyWjEwTjNoeEB8bw==,V3duO2J1MzEwQF1ZJGNOYg==,JXlzTkVWRTZWTXxxKWE+,YjFKZUpdVTkzQlJ1U0co,Sy08alFHMjYza19wI1ko,clptXEJLRzEzVSJ9aCxYRw==,JCFWVWl6STV9PjhPKn1X
dkRaVDwnaDVdc3x5LUcq,UFouUFc4Sjk2IzZ3dV9y,PWFpMWZFWThaSWtDWSh3,e3JfLTUwNDEwWjIqTmU4bg==,PT1EfWNJJTE0I3IueT5OZg==,c2x2V2NFdzVuVX4uOSFZ,RlR5N2k1XjN8dykkeUUr,MHA8W2dwVzhSSjx1QCdv,amZ+LUNCOzEwQz1RbDw+PQ==,KTFTIiQhOTQpMSlcUEV7
PloxfUBxJzVEUDgyQX46,clphJDVMezNLc0JtMnZ9,KilaOmErOTZlI0BAMFM1,K3NPQmkuNTNKYSlRdVps,Vyw7TTxvdzEwcCdDMEtvVQ==,ey01XXxLXTEyPjNvIUY+Ww==,XG4kLkZqMzEzKU08fSxufA==,KUZPL3luSDMoR0pdOD9G,eVVBR0UrezYxUW5vPkxF,XylRSGJAVzEzekxjeFdLZw==
cUJEamZlYDk6OVArOD1z,emtMKWIxIjEyJHFcLVRyXQ==,Zl1Ec2M5ZDUtdDZHY219,OVJASFNqLzlDUHNhLGN2,cTYxLSInPTEwXjg6JVcnWw==,czspX21bJDEwfmx8QFdnfg==,OWVSMyQvTzEwZkRta2ckVw==,KF5dfS8qOjEyM00zUDJLLA==,UX15PjNpUTk3fXAlLCR9,OV80SDgmTzZ7VEdjUGQo
ayZvVjMjZzM/c214TlIn,NzApLU1OdjE0TX14K141ag==,Qn40UD0zZDlUeElYQUQu,OS51Oj4xdjEwRTI9Ujc3QQ==,ZD4nKX1VWzEwcXJ3cFh4Sg==,d052fEthKDEwMDk+MUgzLw==,LER9KlNqdjIiX316el1c,T3gxLD4nXzE0M31CNjxLUQ==,RGw/aDJlOzM1XilsNl1y,QX5WNXc3YDEyOlJmbXFCXw==
SFZ4SFAoPDF1KnAtcXd9,KEFXfl5nMzZYJjo1V3Fy,JGxlTXNwQTNwdGU7OUwu,MWZqKiRMLzEwL3FoTk9Xag==,JDFENzslQzJQcyQiemRu,QXsrLitOXTE0TmUzOlM4aA==,LDIiQUIwJzU2QE80RFw9,cDhIa3JKUzNCZ305QWJM,e11Ja15TSTEyLDZVJ341Nw==,bVo5cTY0IzdcT0czYHxt
Ri9LQSw0JTVaRSFBaDFX,bmYtPEZiZzlUKTlYLE1i,fHUlRCZhRTEyPU1TWixBNw==,QnpxNjw3Njc6ZU1vdDlP,Kl1SJGR0QDlmVDpzI29F,dlBIcVgsYjEwNTo3Oidgbw==,NT91eUZ8VTEyTHwiVyRhRw==,XD0zfHljdzEzUC9GL1p8fA==,TFlKUDRlZTNwJTRndVcx,KztJJEQhTTQkUHVMc0pw
KFM0OSVPQDksO004TF1w,TUlFQF8tUDZubmtXQywu,dFInJnExNTNmUSFsSVxa,NWt3Ql5ydzRffVFqYU5S,a2JwKmcrMTN0Wlg+Wn47,SEJRJCRpWzEwMi8lcnp9bQ==,cSRSbEZ9VTEwZTg1YXMzNQ==,SzlhaX4vYTYvSTAnPXhR,JVp0bHEoOjEzKHk9KX1dOQ==,eHNvQnU0ZzVcNGpINEti
dF8yPnstcTExRTojNHlvew==,eyRxYjUuUTh5IydJKEVR,T15HcD4rNTEydWQ0fV0nVg==,ZXpFIjFiJTlvMEFtXUQ3,YT1ITFhRWjEyaV0qWE5pWg==,MEFrMyo8WjExejU0c3xpSw==,eGYrX2Q2XTEwN15qPGdwYg==,JSk/W3lSWjhhP0hCJCdh,YHIxKyM8OjEwWWdCPnlsaQ==,WCVWZSQyXzEyR15Ubi9xcw==
OyJvVU4rfUZvciBtYXplMDkuanBnJ3k4Oy5bTw==,QEhMKFdYOzEwMD9gVHFjQT4=
fS17TShbYjNGZDJuUnhM,PjpCOmtQRDJ9S3BqYDd0,Zk4uXlx5XzEwTz9mbWJ+eg==,JzI3IkknMTE0Nm9FQjw4JQ==,XmQtYj1eTTNOJUJ2WVQx,NUIhaUIiTjEwLmh+fXJOcg==,VjYsJnkzbTEwbDowWl5rQQ==,R0M+NTRYJzZsQ3o7a3xX,eFsjTkU5WTExNjw0MDd7UQ==,KGpdazhDNDZlc3RrX3pq
flFyflxkZTUmRUZQP2I7,PXRFMi8zLjVyUTREUnpn,KjZFSil3QjExc2FzVDU5dA==,SmcmLF17ezEwQV5MXUhSPQ==,ckNgMUJuaTEyLExveTRGIg==,dS9zV3lVMDNJJk96M1k2,PCVlXSI+YzE0PWRkaTdjOA==,bTwhJlR9aTlrPl4zRFV2,dERhKTA9NzEwJ3x7YydQSw==,IWEmR3V1LzRFa1p0TmVc
SmBLOT9UOjV2ajF6ZGNz,L3suaGlfeTlGNEIuQ2Y1,OGUpMGJ7QDZiTUt7ZG5h,Vm1lblFtQjM+SDA8N2Z+,X1g7T0FcbjEwZiZPPT9qPg==,MEFvSEt6JzhmbjslL2Np,cC9pPFcwKjEwIlIpRltcUA==,RVclOn10RTEwOEdmQDxacg==,TnZ4Vl57LDEwYGU2XjhAVw==,OC1AXzskYzEyb05vI0E6QA==
TDFAZj8uQjUwL0lyUktd,ZHRNXjsrRzN8ZVp9I3o2,fj04cHp5bTRpVWdXRTFD,U3IiJyd6fTlQa0p1byRj,R1diaWl9LjYmNERfcHUp,LCJkenR4JjMhOHFQTXpf,KmQzSEZhYjJjM0lIVVV8,Nn4jTnFBNzEwMVlucEA3OQ==,emZwQ287cTEwUEFJZ0t+PQ==,e1ZZa15gNzE0Tio0LUlVaQ==
LDtRRUg2KDVWXFt8Nltd,JWlgIkU5fDVUR3YiITN5,VGoxNy9vVjUrbilbTGU7,SHsxSmM7OTM3Vz5QYkZo,UUYsV0UiTDEyLlJIMi0pWw==,WW5ySTsmRTVtTlx4Yity,cEdSSywiKjEzJC18TFYpSw==,XkxLU3ZaaDNWVUBqKjlX,NihRI055WjEwdDY4J010cw==,SlNGQUVrdjZnSW8uT1tF
aj1QYGAxbTVqMWtbIT1k,RDhFZVdNKDVhYjVfVVV5,fUZ6Uzw5JDVLRSJeYnEx,Jk9NbUghPDU7V19Jdkw5,MFhvVX1gUzdYdkFhX3Ju,ZzpKbHA8IzEwV0x2PFxM,LmFVczxbRDY7cm1EIiFX,VkE4U0JEIzUvUHhqfjdq,PzU6cF0kZjMyM3wrUD9E,P05EZ0wqNDQ7K1U8Y1Q6
fEhpN2MvMDVmQDlaSWZs,JVYpYXpYPDVddU8rQS0i,cVh+ZzhIRjEzMUxcL0hwWQ==,M0x6XVJYaTUjajIxJmMq,LDBUcV8jYjlYTEp8V2ph,JUlQViRdXDEyZD5bbF9wbg==,eilgOl5yIjV8PnheMGJQ,e0M6IXU8azVWUGI0cWZi,eFwsQFpgYDV7QWU6b1xf,QHJCXSMjOTVnIzRoeDJp
XnNQWVZeUTU4KkhJLmMi,LC4vTGcvOzlJMGxxdyww,cCFCQlNOUDZMTHUzPDck,dzFTbkx8MDlJcDdlRltG,LiZMdCZ5LDZ4cCVUTUxZ,cnYiVHFsZjNeZ2JrSCFM,YXMzUkpDajEyZ2d6X2c9VA==,V1NfWDskfTVRMjxwRXp4,c249S3hzajV7LnF5eFcq,aUI/aFx5YjUhTnRXdURr
Pih5MXVVIzVtM2UkN01n,UT0iMG5eKzdIRnpbKCFC,Y0ImNlZ+STlUTVpKcXo+,allqSX4yIjZeWjtGLGw7,OydBd0JgMDVWJzYhdipN,I0pSVjJrSDktO29uP3hR,JzRYYmBdODEwODNHa1dEVQ==,RC5SOTIkOjEycyt6RzVNWQ==,RnpgZjRgQjV+RXM0TnU9,Y1ljJ0FpRzViLngnZEZS
fHx1O0wlKDlOKV18eGcr,IjdJY05iXThlTU4lLn5o,Y1JgaU4vSjE0YDR3MW0mYw==,VWZjR1krKDlBTkZSKWc9,fSRzKjVeNDg4LUtzVGRg,QmNqbW02JTEwcUFRUD4rLQ==,SlFoPTJVTzEwYH5KYjtMNA==,QkEqIlldODEwMiUyRGdsLQ==,Uj1wIlw8NjEyeWxdZ2h9NA==,JjZye0UhdzEzIi8lbGpISQ==
JSlLM1s2bERhdGUgYW5kIFRpbWUgb2YgZXhlY3V0aW9uSjs1b3k+IQ==,S1M+JWc8IjMxLTEwLTIwMjAgMDk6MjM6NTAudCh5N1NW
